"Path","Bytes","SHA256"
"AuroraScript.dll","1243136","D43E504D7420BB7A8529B0AFCB66AEE94766586B09CC09C3DC8F05164CA11FC3"
"Examples.deps.json","1174","921AD2F9B9ABE63CB417737764A24908EB9549801A10356432AF2D9708A4C9F9"
"Examples.dll","46592","076A132FDA902F7690270F2A2E3F5C5F33B92BAD8B610A5C64F913794D37BB79"
"Examples.runtimeconfig.json","449","2CA90A18BAC3B48286C20ACD3C1AE4F83FA38DE5ACF4B2F8CDD277BF90DC9BD7"
"memory-overlay/seed.as","97","1884B3F57224BEC228B55E619BB178C18E7BB22CDCDF242F96AA54E900C4D696"
"tests/array.as","347","FDC676110E2EEDCC9FC8845BC079ECD1F6C56C925BA337F4848A007E7C6A408D"
"tests/astar.as","19219","912636EE4AE51A8DBD72CECC7A9FA6D5FA29C9A0287BAEE66D3AFE92EBDA5479"
"tests/builtin.as","1662","F085CC9AA58E1D9A24963108684939DAEA922F87A42723BF2E04814B16B9BBF4"
"tests/constant.as","389","E69EE2EBD284499015E121509F34B7F6CA6CAAE47A5FAAF10C54C45705B58AEA"
"tests/ctx.as","276","5755B3677AE41D2C6B27FF568FA6AB2DAE353D4C989414F018793CE48952A157"
"tests/global.as","828","877C4F22B48D05DAA6F655364B11B0CFFB186AEB9CE72EDDAC14B6AB3F290DCA"
"tests/http.as","235","DA9A22B0B7784CFCCD17A3A25BA7F4AE161424C28C4792A8E77F02CAA1B821A3"
"tests/l123.as","966","7FEBEE40EA3619DD93D4E0E634BE0D07AA4151031BF5EAFF9EBAEC5E6C484C85"
"tests/libs/timer.as","220","56C5689B7F4B711B2B084F307D8E24EDF3BD32AAB19B5D85E10996C2CC7A39EA"
"tests/main.as","886","AB9354C9899C727695F83F33172DC83D6C98986654BBABA0A08AC290A4D25589"
"tests/md5.as","8023","A9FE7BFC863E492DE07F8AD76406F35E408744A9475697C67E6DDF595F9E9A06"
"tests/perf-bench.as","3700","B83D2DA1D5CAAE7F536EF25A54403BDCD2963667F06080F83A4D0114A057F0FA"
"tests/reproduce_closure.as","2479","B69073B10D07B22E662D913EFF4094C5FA24722B843511DCDF14D9A0B819CAF3"
"tests/seed.as","66","7911E3C2A05386F62D2F19F7FE5189C59EE1F7122127FDE2376AC6A4DCBBB69D"
"tests/test.as","190","94BE6EA643D11C0FA4FEC49DA4B1BADB80D9AA84F54FF54F0B24ACD02168C24B"
"tests/timer.as","1440","61FC1DBAF65B3C23696FDFC7C19B274341F378FBD90309F54E698D4E1349EC28"
"tests/unit.as","22670","04CFACED5AE2AD61F3162370B6F6E3BC21DD2BFF2A63788B5BEC61BE0BCBF392"
